date,vendor_id,category,amount
2024-07-01,VEND-018,Office Supplies,1178.76
2024-07-01,VEND-035,Consulting,4962.79
2024-07-01,VEND-029,Travel,4102.95
2024-07-01,VEND-032,ICT,7192.8
2024-07-01,VEND-032,Construction,71760.75
2024-07-02,VEND-026,Office Supplies,2912.36
2024-07-02,VEND-036,ICT,14971.63
2024-07-02,VEND-003,Office Supplies,2135.08
2024-07-02,VEND-003,Office Supplies,1462.14
2024-07-02,VEND-039,Office Supplies,1701.42
2024-07-03,VEND-020,ICT,16515.38
2024-07-03,VEND-002,ICT,15539.72
2024-07-03,VEND-017,Office Supplies,1723.93
2024-07-03,VEND-014,Construction,65121.2
2024-07-03,VEND-028,ICT,11207.0
2024-07-04,VEND-020,ICT,17730.07
2024-07-04,VEND-031,Construction,62336.99
2024-07-04,VEND-034,Office Supplies,2359.55
2024-07-04,VEND-026,ICT,20242.09
2024-07-04,VEND-006,ICT,12496.57
2024-07-05,VEND-019,Office Supplies,3213.08
2024-07-05,VEND-029,Office Supplies,1659.03
2024-07-05,VEND-010,Consulting,13565.14
2024-07-05,VEND-005,Consulting,28604.26
2024-07-05,VEND-023,Consulting,13087.5
2024-07-06,VEND-026,Consulting,24515.97
2024-07-06,VEND-014,ICT,9734.45
2024-07-06,VEND-018,ICT,10698.72
2024-07-06,VEND-033,Office Supplies,1114.59
2024-07-06,VEND-003,ICT,13070.56
2024-07-07,VEND-021,Consulting,12381.92
2024-07-07,VEND-032,Consulting,13289.59
2024-07-07,VEND-014,Office Supplies,1478.9
2024-07-07,VEND-001,ICT,5855.63
2024-07-07,VEND-037,Construction,33954.49
2024-07-08,VEND-021,ICT,15686.89
2024-07-08,VEND-010,Construction,42417.93
2024-07-08,VEND-013,Consulting,5813.53
2024-07-08,VEND-014,ICT,5426.46
2024-07-08,VEND-039,Travel,2207.18
2024-07-09,VEND-011,ICT,26165.55
2024-07-09,VEND-032,Consulting,9137.79
2024-07-09,VEND-018,ICT,6786.22
2024-07-09,VEND-037,Construction,15962.95
2024-07-09,VEND-022,ICT,13839.79
2024-07-10,VEND-008,Office Supplies,2297.3
2024-07-10,VEND-013,Consulting,18397.13
2024-07-10,VEND-026,Consulting,13859.56
2024-07-10,VEND-032,ICT,13362.76
2024-07-10,VEND-002,Construction,74271.64
2024-07-11,VEND-008,ICT,28872.47
2024-07-11,VEND-024,ICT,6882.36
2024-07-11,VEND-025,Consulting,7004.67
2024-07-11,VEND-024,ICT,4965.05
2024-07-11,VEND-003,Construction,54313.39
2024-07-12,VEND-004,Construction,258521.79
2024-07-12,VEND-022,Travel,2098.62
2024-07-12,VEND-019,ICT,7367.97
2024-07-12,VEND-012,Construction,31168.39
2024-07-12,VEND-001,Office Supplies,2417.39
2024-07-13,VEND-013,ICT,6446.35
2024-07-13,VEND-005,Consulting,15491.93
2024-07-13,VEND-013,Consulting,17300.81
2024-07-13,VEND-005,Travel,1866.44
2024-07-13,VEND-022,ICT,7766.12
2024-07-14,VEND-015,Office Supplies,3638.42
2024-07-14,VEND-026,ICT,20985.89
2024-07-14,VEND-012,Construction,43912.76
2024-07-14,VEND-022,Travel,4966.15
2024-07-14,VEND-002,Construction,20903.15
2024-07-15,VEND-034,Office Supplies,5674.1
2024-07-15,VEND-036,Office Supplies,2611.57
2024-07-15,VEND-014,ICT,13688.23
2024-07-15,VEND-027,Construction,58201.8
2024-07-15,VEND-001,Office Supplies,2455.67
2024-07-16,VEND-038,ICT,32312.8
2024-07-16,VEND-030,Office Supplies,1975.35
2024-07-16,VEND-008,Consulting,8234.74
2024-07-16,VEND-013,ICT,17652.95
2024-07-16,VEND-039,Construction,40796.52
2024-07-17,VEND-012,ICT,27921.47
2024-07-17,VEND-006,Consulting,4676.2
2024-07-17,VEND-031,Construction,27132.28
2024-07-17,VEND-024,ICT,9820.11
2024-07-17,VEND-034,Consulting,7219.26
2024-07-18,VEND-006,ICT,16087.06
2024-07-18,VEND-006,Construction,36968.22
2024-07-18,VEND-020,Consulting,35695.61
2024-07-18,VEND-020,ICT,7903.78
2024-07-18,VEND-001,Consulting,17788.15
2024-07-19,VEND-030,ICT,12669.54
2024-07-19,VEND-017,Travel,11717.79
2024-07-19,VEND-018,Travel,3198.15
2024-07-19,VEND-019,Office Supplies,2658.66
2024-07-19,VEND-011,ICT,7748.17
2024-07-20,VEND-032,ICT,10884.14
2024-07-20,VEND-005,Consulting,11645.56
2024-07-20,VEND-015,Construction,42525.55
2024-07-20,VEND-022,Office Supplies,912.32
2024-07-20,VEND-010,ICT,6214.19
2024-07-21,VEND-036,Office Supplies,12572.32
2024-07-21,VEND-003,Consulting,19639.09
2024-07-21,VEND-037,Office Supplies,1216.94
2024-07-21,VEND-006,Travel,4932.57
2024-07-21,VEND-019,ICT,11074.14
2024-07-22,VEND-005,ICT,10227.44
2024-07-22,VEND-018,ICT,8599.55
2024-07-22,VEND-024,Consulting,17563.91
2024-07-22,VEND-030,ICT,12388.89
2024-07-22,VEND-036,Office Supplies,2660.07
2024-07-23,VEND-010,ICT,64933.06
2024-07-23,VEND-010,Consulting,20167.99
2024-07-23,VEND-004,ICT,6156.2
2024-07-23,VEND-034,ICT,16006.46
2024-07-23,VEND-033,ICT,20933.9
2024-07-24,VEND-037,Travel,2863.62
2024-07-24,VEND-025,Office Supplies,2270.36
2024-07-24,VEND-032,ICT,10316.25
2024-07-24,VEND-034,Construction,108805.04
2024-07-24,VEND-019,Construction,50027.35
2024-07-25,VEND-018,ICT,9599.95
2024-07-25,VEND-020,Construction,126858.54
2024-07-25,VEND-030,Construction,75562.44
2024-07-25,VEND-014,Construction,23924.99
2024-07-25,VEND-027,ICT,26178.37
2024-07-26,VEND-037,Construction,91204.99
2024-07-26,VEND-020,Construction,128127.16
2024-07-26,VEND-027,Office Supplies,1841.38
2024-07-26,VEND-008,Consulting,10529.01
2024-07-26,VEND-030,ICT,19188.61
2024-07-27,VEND-039,Office Supplies,2294.92
2024-07-27,VEND-025,ICT,35776.61
2024-07-27,VEND-029,ICT,4672.45
2024-07-27,VEND-006,Travel,2784.4
2024-07-27,VEND-040,Consulting,23455.59
2024-07-28,VEND-032,Travel,3875.48
2024-07-28,VEND-021,Consulting,10696.37
2024-07-28,VEND-025,ICT,24000.96
2024-07-28,VEND-028,Consulting,4046.35
2024-07-28,VEND-021,Office Supplies,2820.15
2024-07-29,VEND-006,Construction,13049.1
2024-07-29,VEND-038,ICT,4645.74
2024-07-29,VEND-030,ICT,14968.09
2024-07-29,VEND-017,Office Supplies,3584.85
2024-07-29,VEND-033,Construction,51748.18
2024-07-30,VEND-031,ICT,7148.48
2024-07-30,VEND-039,ICT,10950.59
2024-07-30,VEND-006,Travel,2013.51
2024-07-30,VEND-008,Construction,109457.44
2024-07-30,VEND-023,Travel,4290.42
2024-07-31,VEND-027,Construction,45309.56
2024-07-31,VEND-040,Consulting,26514.21
2024-07-31,VEND-036,ICT,48496.83
2024-07-31,VEND-026,ICT,31420.46
2024-07-31,VEND-004,Consulting,17069.91
2024-08-01,VEND-019,Office Supplies,1038.18
2024-08-01,VEND-001,Construction,27943.39
2024-08-01,VEND-013,Travel,4485.12
2024-08-01,VEND-002,ICT,3000.7
2024-08-01,VEND-036,ICT,15808.35
2024-08-02,VEND-025,ICT,13037.78
2024-08-02,VEND-004,Office Supplies,3023.75
2024-08-02,VEND-035,ICT,10774.04
2024-08-02,VEND-032,ICT,9475.05
2024-08-02,VEND-001,Consulting,13641.07
2024-08-03,VEND-001,ICT,3629.41
2024-08-03,VEND-012,Office Supplies,904.07
2024-08-03,VEND-034,ICT,18813.35
2024-08-03,VEND-034,Travel,4278.81
2024-08-03,VEND-028,Office Supplies,2110.6
2024-08-04,VEND-022,ICT,11314.17
2024-08-04,VEND-030,Consulting,9680.85
2024-08-04,VEND-003,ICT,4936.15
2024-08-04,VEND-008,ICT,19434.65
2024-08-04,VEND-021,Travel,1658.13
2024-08-05,VEND-003,Consulting,21272.33
2024-08-05,VEND-017,Office Supplies,733.38
2024-08-05,VEND-007,ICT,8710.83
2024-08-05,VEND-022,Travel,2566.21
2024-08-05,VEND-032,Consulting,19487.75
2024-08-06,VEND-022,ICT,26504.21
2024-08-06,VEND-013,Consulting,30353.81
2024-08-06,VEND-007,Consulting,31228.91
2024-08-06,VEND-006,Construction,55474.75
2024-08-06,VEND-039,Construction,156467.89
2024-08-07,VEND-006,ICT,22888.87
2024-08-07,VEND-017,Construction,54954.45
2024-08-07,VEND-026,Construction,27293.3
2024-08-07,VEND-025,ICT,3459.47
2024-08-07,VEND-013,ICT,10064.27
2024-08-08,VEND-004,Construction,87379.31
2024-08-08,VEND-023,Consulting,12532.71
2024-08-08,VEND-025,Consulting,17881.81
2024-08-08,VEND-013,Office Supplies,4165.22
2024-08-08,VEND-022,Construction,45171.48
2024-08-09,VEND-015,Construction,106334.65
2024-08-09,VEND-035,Office Supplies,3117.16
2024-08-09,VEND-021,Construction,28190.16
2024-08-09,VEND-016,ICT,7199.3
2024-08-09,VEND-020,ICT,17890.28
2024-08-10,VEND-004,Office Supplies,2741.15
2024-08-10,VEND-012,Construction,37392.07
2024-08-10,VEND-037,ICT,3999.07
2024-08-10,VEND-001,Office Supplies,897.11
2024-08-10,VEND-010,Construction,76997.54
2024-08-11,VEND-025,ICT,2026.26
2024-08-11,VEND-018,Travel,16236.31
2024-08-11,VEND-031,ICT,15862.45
2024-08-11,VEND-038,Consulting,13385.8
2024-08-11,VEND-026,ICT,19286.21
2024-08-12,VEND-029,Construction,67198.98
2024-08-12,VEND-007,Office Supplies,5846.36
2024-08-12,VEND-033,Consulting,9393.06
2024-08-12,VEND-040,ICT,27860.21
2024-08-12,VEND-034,Construction,107736.65
2024-08-13,VEND-031,Construction,115064.55
2024-08-13,VEND-010,ICT,6822.55
2024-08-13,VEND-037,ICT,4690.09
2024-08-13,VEND-040,ICT,8685.4
2024-08-13,VEND-024,Construction,28070.61
2024-08-14,VEND-035,ICT,7309.46
2024-08-14,VEND-026,Consulting,13743.45
2024-08-14,VEND-029,Office Supplies,2485.54
2024-08-14,VEND-015,Construction,66971.16
2024-08-14,VEND-022,Office Supplies,3072.15
2024-08-15,VEND-031,Office Supplies,2087.99
2024-08-15,VEND-005,Travel,2417.86
2024-08-15,VEND-035,Construction,26400.53
2024-08-15,VEND-026,Construction,54994.85
2024-08-15,VEND-026,ICT,20594.36
2024-08-16,VEND-025,ICT,10903.87
2024-08-16,VEND-038,Construction,50372.56
2024-08-16,VEND-017,Consulting,15360.52
2024-08-16,VEND-012,Consulting,17930.35
2024-08-16,VEND-036,Travel,8471.54
2024-08-17,VEND-020,Office Supplies,2736.09
2024-08-17,VEND-025,Consulting,7994.71
2024-08-17,VEND-032,Office Supplies,3377.36
2024-08-17,VEND-026,Consulting,7898.08
2024-08-17,VEND-023,Consulting,42066.78
2024-08-18,VEND-033,Travel,4412.42
2024-08-18,VEND-030,Office Supplies,1705.93
2024-08-18,VEND-021,ICT,5563.71
2024-08-18,VEND-032,Construction,73275.28
2024-08-18,VEND-010,Construction,15513.11
2024-08-19,VEND-017,Office Supplies,4726.22
2024-08-19,VEND-011,Consulting,10920.26
2024-08-19,VEND-037,Office Supplies,2878.64
2024-08-19,VEND-015,Construction,62145.79
2024-08-19,VEND-005,Consulting,6809.7
2024-08-20,VEND-030,Office Supplies,1355.94
2024-08-20,VEND-030,Office Supplies,2543.25
2024-08-20,VEND-010,ICT,28663.2
2024-08-20,VEND-035,ICT,14101.13
2024-08-20,VEND-031,Consulting,21226.93
2024-08-21,VEND-017,Office Supplies,4983.05
2024-08-21,VEND-021,ICT,2821.41
2024-08-21,VEND-014,Office Supplies,1725.12
2024-08-21,VEND-005,Consulting,13280.52
2024-08-21,VEND-011,Office Supplies,1127.98
2024-08-22,VEND-018,ICT,16438.25
2024-08-22,VEND-029,Office Supplies,7538.84
2024-08-22,VEND-022,ICT,9801.27
2024-08-22,VEND-006,Consulting,5664.31
2024-08-22,VEND-009,Construction,35601.37
2024-08-23,VEND-020,ICT,32643.29
2024-08-23,VEND-023,ICT,17068.97
2024-08-23,VEND-001,Construction,50053.89
2024-08-23,VEND-036,Construction,37054.41
2024-08-23,VEND-039,Office Supplies,1280.18
2024-08-24,VEND-016,ICT,11426.71
2024-08-24,VEND-010,Construction,60093.55
2024-08-24,VEND-009,Construction,9658.28
2024-08-24,VEND-024,Consulting,10425.59
2024-08-24,VEND-008,ICT,19814.05
2024-08-25,VEND-007,Office Supplies,2771.86
2024-08-25,VEND-024,Consulting,20190.47
2024-08-25,VEND-032,Construction,65477.96
2024-08-25,VEND-011,Travel,2779.32
2024-08-25,VEND-033,Travel,2926.35
2024-08-26,VEND-013,ICT,19286.16
2024-08-26,VEND-005,Consulting,12400.35
2024-08-26,VEND-006,Construction,38830.48
2024-08-26,VEND-002,Travel,2314.0
2024-08-26,VEND-023,ICT,2982.29
2024-08-27,VEND-003,Construction,39884.98
2024-08-27,VEND-035,ICT,10359.15
2024-08-27,VEND-005,Construction,84450.59
2024-08-27,VEND-040,Consulting,9265.0
2024-08-27,VEND-013,Construction,66363.9
2024-08-28,VEND-017,ICT,18281.78
2024-08-28,VEND-035,ICT,10575.0
2024-08-28,VEND-017,Construction,17611.92
2024-08-28,VEND-018,Office Supplies,1191.35
2024-08-28,VEND-024,ICT,23611.12
2024-08-29,VEND-010,Construction,25866.03
2024-08-29,VEND-010,ICT,14217.29
2024-08-29,VEND-038,ICT,6129.94
2024-08-29,VEND-025,Consulting,16569.33
2024-08-29,VEND-002,ICT,14179.44
2024-08-30,VEND-033,ICT,19135.92
2024-08-30,VEND-002,ICT,3115.99
2024-08-30,VEND-010,ICT,24472.3
2024-08-30,VEND-024,Office Supplies,2334.69
2024-08-30,VEND-019,Office Supplies,6468.95
2024-08-31,VEND-007,Office Supplies,1287.34
2024-08-31,VEND-023,ICT,10027.67
2024-08-31,VEND-019,Consulting,46697.46
2024-08-31,VEND-006,Construction,25897.65
2024-08-31,VEND-013,Office Supplies,2869.06
2024-09-01,VEND-026,ICT,17568.88
2024-09-01,VEND-013,ICT,14722.57
2024-09-01,VEND-029,Construction,47315.37
2024-09-01,VEND-007,Consulting,43889.66
2024-09-01,VEND-005,Consulting,36166.06
2024-09-02,VEND-036,Consulting,16116.13
2024-09-02,VEND-003,ICT,6226.56
2024-09-02,VEND-007,Construction,20595.47
2024-09-02,VEND-023,ICT,11439.46
2024-09-02,VEND-040,Consulting,16110.25
2024-09-03,VEND-017,Office Supplies,2259.14
2024-09-03,VEND-022,Consulting,14613.67
2024-09-03,VEND-006,ICT,5667.33
2024-09-03,VEND-012,Consulting,5477.04
2024-09-03,VEND-007,ICT,21809.1
2024-09-04,VEND-010,Office Supplies,2251.97
2024-09-04,VEND-022,Consulting,8350.9
2024-09-04,VEND-016,Consulting,34639.25
2024-09-04,VEND-029,Consulting,14779.65
2024-09-04,VEND-040,Construction,51264.64
2024-09-05,VEND-015,ICT,8483.9
2024-09-05,VEND-021,Construction,30871.17
2024-09-05,VEND-007,Office Supplies,1728.51
2024-09-05,VEND-028,ICT,6057.21
2024-09-05,VEND-037,ICT,28433.64
2024-09-06,VEND-035,Travel,1892.22
2024-09-06,VEND-026,Construction,14725.13
2024-09-06,VEND-036,Construction,41933.96
2024-09-06,VEND-022,Office Supplies,442.53
2024-09-06,VEND-032,Consulting,8132.92
2024-09-07,VEND-035,Travel,2418.79
2024-09-07,VEND-032,ICT,28258.6
2024-09-07,VEND-009,Office Supplies,1798.39
2024-09-07,VEND-040,Construction,128879.4
2024-09-07,VEND-026,Office Supplies,2379.98
2024-09-08,VEND-013,Consulting,26665.22
2024-09-08,VEND-024,Construction,80484.23
2024-09-08,VEND-038,Construction,77619.86
2024-09-08,VEND-031,Construction,53186.68
2024-09-08,VEND-006,ICT,15485.22
2024-09-09,VEND-030,Construction,67128.33
2024-09-09,VEND-010,ICT,11586.72
2024-09-09,VEND-020,Office Supplies,1451.15
2024-09-09,VEND-009,ICT,9400.29
2024-09-09,VEND-006,Construction,43759.56
2024-09-10,VEND-002,Construction,69493.42
2024-09-10,VEND-036,Consulting,5141.89
2024-09-10,VEND-005,ICT,10509.99
2024-09-10,VEND-031,Office Supplies,2163.37
2024-09-10,VEND-037,Travel,1950.99
2024-09-11,VEND-017,Travel,1971.92
2024-09-11,VEND-006,ICT,9263.69
2024-09-11,VEND-030,ICT,4316.79
2024-09-11,VEND-025,Consulting,12522.86
2024-09-11,VEND-005,ICT,9952.85
2024-09-12,VEND-035,Consulting,9537.18
2024-09-12,VEND-034,ICT,4775.61
2024-09-12,VEND-017,Office Supplies,2013.74
2024-09-12,VEND-017,ICT,8261.3
2024-09-12,VEND-005,Office Supplies,1022.5
2024-09-13,VEND-025,ICT,6291.25
2024-09-13,VEND-008,Construction,62803.56
2024-09-13,VEND-006,ICT,21700.81
2024-09-13,VEND-035,Office Supplies,1234.55
2024-09-13,VEND-014,Construction,101974.19
2024-09-14,VEND-010,ICT,7132.8
2024-09-14,VEND-014,Office Supplies,1561.41
2024-09-14,VEND-021,Construction,40643.16
2024-09-14,VEND-015,Construction,39146.1
2024-09-14,VEND-006,ICT,15703.77
2024-09-15,VEND-006,Construction,120916.34
2024-09-15,VEND-007,Consulting,8021.06
2024-09-15,VEND-016,ICT,21095.93
2024-09-15,VEND-005,Travel,6467.81
2024-09-15,VEND-039,Consulting,32876.97
2024-09-16,VEND-017,Construction,55045.89
2024-09-16,VEND-033,Travel,4781.4
2024-09-16,VEND-030,Construction,59010.99
2024-09-16,VEND-023,Travel,1891.83
2024-09-16,VEND-003,Construction,33657.79
2024-09-17,VEND-026,Consulting,15981.58
2024-09-17,VEND-032,ICT,12981.47
2024-09-17,VEND-031,Construction,42132.78
2024-09-17,VEND-001,Travel,3259.27
2024-09-17,VEND-032,ICT,20895.24
2024-09-18,VEND-006,ICT,11259.33
2024-09-18,VEND-026,Construction,65153.82
2024-09-18,VEND-013,Consulting,31043.71
2024-09-18,VEND-003,Consulting,6837.92
2024-09-18,VEND-019,Travel,1516.75
2024-09-19,VEND-040,ICT,18657.65
2024-09-19,VEND-034,ICT,5167.27
2024-09-19,VEND-031,Office Supplies,1834.71
2024-09-19,VEND-027,ICT,29150.48
2024-09-19,VEND-016,Construction,99042.32
2024-09-20,VEND-017,Consulting,25347.56
2024-09-20,VEND-014,Construction,48672.83
2024-09-20,VEND-017,Consulting,10329.63
2024-09-20,VEND-011,Construction,65825.59
2024-09-20,VEND-006,ICT,17938.59
2024-09-21,VEND-013,Consulting,25187.24
2024-09-21,VEND-001,Construction,106916.2
2024-09-21,VEND-031,Office Supplies,814.97
2024-09-21,VEND-010,Consulting,16508.79
2024-09-21,VEND-012,ICT,9804.17
2024-09-22,VEND-012,Consulting,19340.81
2024-09-22,VEND-022,ICT,17367.27
2024-09-22,VEND-029,Travel,1027.24
2024-09-22,VEND-003,ICT,11966.69
2024-09-22,VEND-013,Travel,4291.63
2024-09-23,VEND-022,Consulting,21406.3
2024-09-23,VEND-017,Office Supplies,3975.45
2024-09-23,VEND-034,Construction,72971.55
2024-09-23,VEND-035,Construction,80721.02
2024-09-23,VEND-033,Construction,47837.89
2024-09-24,VEND-014,ICT,8691.18
2024-09-24,VEND-038,Travel,2141.76
2024-09-24,VEND-040,Office Supplies,1946.47
2024-09-24,VEND-026,Office Supplies,9540.4
2024-09-24,VEND-019,ICT,13128.85
2024-09-25,VEND-019,ICT,12883.09
2024-09-25,VEND-024,Construction,107672.33
2024-09-25,VEND-023,Office Supplies,4339.67
2024-09-25,VEND-007,ICT,6307.44
2024-09-25,VEND-010,Office Supplies,5235.87
2024-09-26,VEND-006,Office Supplies,1127.14
2024-09-26,VEND-012,Construction,17304.83
2024-09-26,VEND-008,ICT,26478.01
2024-09-26,VEND-012,Consulting,11253.03
2024-09-26,VEND-040,ICT,10958.97
2024-09-27,VEND-020,Office Supplies,2283.27
2024-09-27,VEND-036,Consulting,6915.21
2024-09-27,VEND-007,Office Supplies,3255.69
2024-09-27,VEND-017,Consulting,16081.86
2024-09-27,VEND-001,Consulting,17828.66
2024-09-28,VEND-040,Travel,3650.1
2024-09-28,VEND-005,ICT,16145.49
2024-09-28,VEND-040,ICT,23640.62
2024-09-28,VEND-015,Construction,64435.89
2024-09-28,VEND-027,Construction,68517.99
2024-09-29,VEND-038,Office Supplies,1365.74
2024-09-29,VEND-017,Construction,109848.43
2024-09-29,VEND-009,Office Supplies,1101.98
2024-09-29,VEND-036,ICT,12582.41
2024-09-29,VEND-013,ICT,9661.46
2024-09-30,VEND-022,ICT,15722.57
2024-09-30,VEND-035,ICT,7652.39
2024-09-30,VEND-031,ICT,10204.34
2024-09-30,VEND-002,Office Supplies,2073.81
2024-09-30,VEND-006,Office Supplies,1286.51
2024-10-01,VEND-002,Construction,29819.15
2024-10-01,VEND-004,Construction,97487.98
2024-10-01,VEND-009,ICT,12271.06
2024-10-01,VEND-021,Office Supplies,6170.22
2024-10-01,VEND-026,Construction,13541.17
2024-10-02,VEND-009,Office Supplies,3328.49
2024-10-02,VEND-007,ICT,9529.18
2024-10-02,VEND-008,Office Supplies,2456.88
2024-10-02,VEND-040,Travel,4475.37
2024-10-02,VEND-027,Construction,48087.89
2024-10-03,VEND-039,Office Supplies,5324.02
2024-10-03,VEND-035,ICT,5886.52
2024-10-03,VEND-011,Consulting,13733.3
2024-10-03,VEND-030,Consulting,9545.63
2024-10-03,VEND-019,Office Supplies,6485.07
2024-10-04,VEND-002,ICT,6021.79
2024-10-04,VEND-012,Construction,41952.35
2024-10-04,VEND-017,Office Supplies,842.26
2024-10-04,VEND-031,Consulting,17492.37
2024-10-04,VEND-011,Construction,20376.23
2024-10-05,VEND-034,Consulting,9899.28
2024-10-05,VEND-003,ICT,5254.44
2024-10-05,VEND-032,Office Supplies,2739.23
2024-10-05,VEND-007,Office Supplies,5515.29
2024-10-05,VEND-019,Construction,38577.53
2024-10-06,VEND-003,ICT,38907.9
2024-10-06,VEND-002,ICT,6882.53
2024-10-06,VEND-009,ICT,5426.98
2024-10-06,VEND-004,Construction,57904.7
2024-10-06,VEND-006,Office Supplies,1468.04
2024-10-07,VEND-022,Construction,26548.06
2024-10-07,VEND-015,ICT,20429.14
2024-10-07,VEND-002,ICT,10733.1
2024-10-07,VEND-038,ICT,5249.33
2024-10-07,VEND-017,ICT,3111.29
2024-10-08,VEND-005,Office Supplies,2142.12
2024-10-08,VEND-006,Office Supplies,2815.24
2024-10-08,VEND-040,ICT,16432.77
2024-10-08,VEND-004,Construction,31838.43
2024-10-08,VEND-024,Office Supplies,1582.06
2024-10-09,VEND-022,Travel,1867.36
2024-10-09,VEND-020,Travel,4002.44
2024-10-09,VEND-019,Construction,27970.41
2024-10-09,VEND-006,Construction,65207.66
2024-10-09,VEND-002,ICT,25818.6
2024-10-10,VEND-024,Construction,32722.95
2024-10-10,VEND-016,Construction,46873.59
2024-10-10,VEND-038,Travel,3428.29
2024-10-10,VEND-039,Construction,80402.24
2024-10-10,VEND-023,Construction,53938.52
2024-10-11,VEND-039,Consulting,10973.66
2024-10-11,VEND-014,Construction,127798.05
2024-10-11,VEND-039,ICT,21856.72
2024-10-11,VEND-016,ICT,9176.19
2024-10-11,VEND-022,Office Supplies,2052.7
2024-10-12,VEND-034,Travel,5613.37
2024-10-12,VEND-027,Consulting,40236.24
2024-10-12,VEND-038,Construction,56288.7
2024-10-12,VEND-025,Consulting,16225.79
2024-10-12,VEND-002,Consulting,19901.75
2024-10-13,VEND-007,ICT,24558.99
2024-10-13,VEND-035,Construction,72542.0
2024-10-13,VEND-038,ICT,13945.74
2024-10-13,VEND-014,Office Supplies,7319.65
2024-10-13,VEND-027,Consulting,17715.02
2024-10-14,VEND-007,Office Supplies,613.2
2024-10-14,VEND-004,Construction,74735.29
2024-10-14,VEND-039,Office Supplies,1098.54
2024-10-14,VEND-024,Consulting,16521.75
2024-10-14,VEND-015,ICT,17347.86
2024-10-15,VEND-026,Construction,38706.24
2024-10-15,VEND-040,Consulting,33526.29
2024-10-15,VEND-006,Construction,36530.53
2024-10-15,VEND-005,Office Supplies,1467.25
2024-10-15,VEND-030,ICT,16847.17
2024-10-16,VEND-035,ICT,15037.29
2024-10-16,VEND-024,Construction,91919.26
2024-10-16,VEND-007,Consulting,15787.84
2024-10-16,VEND-024,Consulting,18354.06
2024-10-16,VEND-019,Construction,17345.34
2024-10-17,VEND-020,ICT,18729.95
2024-10-17,VEND-014,ICT,20304.3
2024-10-17,VEND-017,Construction,57618.6
2024-10-17,VEND-039,ICT,17807.85
2024-10-17,VEND-015,Office Supplies,1935.13
2024-10-18,VEND-018,Construction,58560.31
2024-10-18,VEND-020,Construction,24221.1
2024-10-18,VEND-039,ICT,7733.3
2024-10-18,VEND-016,ICT,11239.33
2024-10-18,VEND-002,Travel,1750.45
2024-10-19,VEND-001,ICT,18504.72
2024-10-19,VEND-034,ICT,9575.23
2024-10-19,VEND-029,Travel,2970.7
2024-10-19,VEND-016,Construction,77979.76
2024-10-19,VEND-032,Travel,6373.83
2024-10-20,VEND-008,ICT,6102.59
2024-10-20,VEND-006,ICT,25337.55
2024-10-20,VEND-029,Office Supplies,3618.03
2024-10-20,VEND-026,Office Supplies,839.7
2024-10-20,VEND-006,Office Supplies,3071.3
2024-10-21,VEND-009,Consulting,19054.96
2024-10-21,VEND-039,Consulting,2864.39
2024-10-21,VEND-012,Construction,40766.96
2024-10-21,VEND-015,Construction,95194.02
2024-10-21,VEND-029,ICT,14683.83
2024-10-22,VEND-018,Travel,9220.57
2024-10-22,VEND-035,ICT,15835.18
2024-10-22,VEND-009,Travel,5455.33
2024-10-22,VEND-035,Construction,63560.38
2024-10-22,VEND-040,ICT,9880.03
2024-10-23,VEND-006,ICT,8934.44
2024-10-23,VEND-008,Consulting,18655.35
2024-10-23,VEND-032,Construction,44763.17
2024-10-23,VEND-009,Office Supplies,8383.76
2024-10-23,VEND-006,Office Supplies,4688.06
2024-10-24,VEND-014,ICT,45717.03
2024-10-24,VEND-034,Construction,80587.69
2024-10-24,VEND-016,Office Supplies,1940.24
2024-10-24,VEND-008,ICT,27816.2
2024-10-24,VEND-027,Consulting,26238.95
2024-10-25,VEND-037,ICT,17773.39
2024-10-25,VEND-007,Travel,2176.26
2024-10-25,VEND-022,ICT,4497.98
2024-10-25,VEND-021,Construction,34559.06
2024-10-25,VEND-021,Travel,1797.88
2024-10-26,VEND-020,Construction,55869.44
2024-10-26,VEND-029,Consulting,37932.64
2024-10-26,VEND-026,ICT,48442.35
2024-10-26,VEND-012,Construction,37439.38
2024-10-26,VEND-020,ICT,16294.79
2024-10-27,VEND-037,Consulting,12622.01
2024-10-27,VEND-018,Consulting,63582.75
2024-10-27,VEND-018,Consulting,46701.66
2024-10-27,VEND-027,Consulting,10358.65
2024-10-27,VEND-026,Construction,59292.69
2024-10-28,VEND-033,Construction,20797.37
2024-10-28,VEND-024,Construction,19113.23
2024-10-28,VEND-030,ICT,23569.02
2024-10-28,VEND-009,Consulting,4122.01
2024-10-28,VEND-036,ICT,42203.62
2024-10-29,VEND-012,Travel,3005.95
2024-10-29,VEND-008,ICT,16825.48
2024-10-29,VEND-007,Office Supplies,2681.63
2024-10-29,VEND-029,ICT,20322.77
2024-10-29,VEND-016,Construction,54799.62
2024-10-30,VEND-011,ICT,11837.77
2024-10-30,VEND-006,Consulting,8411.23
2024-10-30,VEND-003,Construction,54616.77
2024-10-30,VEND-009,Office Supplies,3372.46
2024-10-30,VEND-018,Office Supplies,1512.4
2024-10-31,VEND-010,Construction,54862.85
2024-10-31,VEND-019,Construction,12709.47
2024-10-31,VEND-008,Office Supplies,7293.37
2024-10-31,VEND-011,ICT,16672.88
2024-10-31,VEND-037,ICT,3619.83
2024-11-01,VEND-010,Office Supplies,1432.66
2024-11-01,VEND-001,Construction,37246.5
2024-11-01,VEND-035,Travel,729.93
2024-11-01,VEND-021,Office Supplies,1964.87
2024-11-01,VEND-032,Construction,92367.43
2024-11-02,VEND-019,ICT,3333.73
2024-11-02,VEND-020,Construction,54179.22
2024-11-02,VEND-040,Consulting,7954.13
2024-11-02,VEND-005,ICT,18810.97
2024-11-02,VEND-027,Office Supplies,1258.98
2024-11-03,VEND-035,Office Supplies,3641.56
2024-11-03,VEND-033,Construction,42253.52
2024-11-03,VEND-025,Travel,1305.46
2024-11-03,VEND-009,Consulting,22271.41
2024-11-03,VEND-007,ICT,7770.24
2024-11-04,VEND-003,Travel,3051.76
2024-11-04,VEND-034,Consulting,10333.82
2024-11-04,VEND-040,ICT,19499.32
2024-11-04,VEND-011,Travel,4132.8
2024-11-04,VEND-017,Consulting,8040.49
2024-11-05,VEND-010,ICT,5970.45
2024-11-05,VEND-040,ICT,18592.09
2024-11-05,VEND-018,ICT,10516.5
2024-11-05,VEND-030,Office Supplies,2182.99
2024-11-05,VEND-034,ICT,12213.73
2024-11-06,VEND-036,Consulting,4237.94
2024-11-06,VEND-002,ICT,10947.28
2024-11-06,VEND-006,Office Supplies,1442.84
2024-11-06,VEND-016,Office Supplies,538.94
2024-11-06,VEND-023,ICT,6645.3
2024-11-07,VEND-017,Construction,19311.11
2024-11-07,VEND-006,Consulting,10327.83
2024-11-07,VEND-040,Construction,54552.98
2024-11-07,VEND-040,Travel,9792.94
2024-11-07,VEND-030,Office Supplies,4340.85
2024-11-08,VEND-007,Construction,19174.94
2024-11-08,VEND-008,Construction,61038.81
2024-11-08,VEND-022,Office Supplies,1930.63
2024-11-08,VEND-033,ICT,10313.79
2024-11-08,VEND-001,ICT,12579.47
2024-11-09,VEND-038,Construction,258581.07
2024-11-09,VEND-011,Office Supplies,2672.1
2024-11-09,VEND-002,ICT,12339.94
2024-11-09,VEND-016,Office Supplies,4453.82
2024-11-09,VEND-037,Office Supplies,538.96
2024-11-10,VEND-035,ICT,15028.43
2024-11-10,VEND-035,ICT,7289.57
2024-11-10,VEND-005,Office Supplies,2177.62
2024-11-10,VEND-032,Travel,1317.68
2024-11-10,VEND-008,Construction,45224.17
2024-11-11,VEND-022,Office Supplies,2975.13
2024-11-11,VEND-017,Office Supplies,1668.53
2024-11-11,VEND-005,ICT,12391.14
2024-11-11,VEND-035,Construction,90775.13
2024-11-11,VEND-016,Office Supplies,1623.36
2024-11-12,VEND-012,ICT,16554.94
2024-11-12,VEND-028,Construction,17572.87
2024-11-12,VEND-001,Office Supplies,765.34
2024-11-12,VEND-029,Travel,15913.57
2024-11-12,VEND-027,Construction,42311.77
2024-11-13,VEND-019,Travel,2502.46
2024-11-13,VEND-004,Construction,45054.02
2024-11-13,VEND-012,Office Supplies,2085.2
2024-11-13,VEND-032,Travel,4120.91
2024-11-13,VEND-013,Office Supplies,834.79
2024-11-14,VEND-038,Consulting,19911.63
2024-11-14,VEND-034,ICT,4876.88
2024-11-14,VEND-025,Consulting,11587.21
2024-11-14,VEND-020,ICT,17620.0
2024-11-14,VEND-034,Office Supplies,2552.89
2024-11-15,VEND-016,Travel,2756.92
2024-11-15,VEND-021,Office Supplies,2004.33
2024-11-15,VEND-035,Office Supplies,2448.59
2024-11-15,VEND-017,ICT,15348.75
2024-11-15,VEND-032,ICT,4230.32
2024-11-16,VEND-018,ICT,6099.06
2024-11-16,VEND-029,Consulting,3964.45
2024-11-16,VEND-005,Construction,140950.25
2024-11-16,VEND-018,Consulting,29593.12
2024-11-16,VEND-003,Office Supplies,1552.52
2024-11-17,VEND-014,Consulting,14949.65
2024-11-17,VEND-028,Travel,4099.89
2024-11-17,VEND-037,Construction,64743.75
2024-11-17,VEND-008,ICT,22495.06
2024-11-17,VEND-005,ICT,38041.37
2024-11-18,VEND-022,ICT,12723.73
2024-11-18,VEND-034,Consulting,16719.14
2024-11-18,VEND-013,Consulting,15150.99
2024-11-18,VEND-026,Construction,18943.77
2024-11-18,VEND-007,Construction,77900.85
2024-11-19,VEND-019,ICT,7337.91
2024-11-19,VEND-031,ICT,9504.13
2024-11-19,VEND-010,Office Supplies,1001.38
2024-11-19,VEND-036,Consulting,10052.26
2024-11-19,VEND-004,Office Supplies,1637.89
2024-11-20,VEND-027,ICT,7539.84
2024-11-20,VEND-037,ICT,8546.51
2024-11-20,VEND-012,ICT,17499.71
2024-11-20,VEND-025,Consulting,8620.63
2024-11-20,VEND-025,ICT,5925.03
2024-11-21,VEND-027,Consulting,8484.97
2024-11-21,VEND-018,Construction,41268.18
2024-11-21,VEND-004,ICT,6918.88
2024-11-21,VEND-002,Office Supplies,1678.04
2024-11-21,VEND-031,Construction,125250.73
2024-11-22,VEND-038,Consulting,19120.06
2024-11-22,VEND-020,Construction,22961.15
2024-11-22,VEND-017,Consulting,26000.23
2024-11-22,VEND-021,Construction,24943.49
2024-11-22,VEND-039,Construction,93166.92
2024-11-23,VEND-039,Construction,53924.98
2024-11-23,VEND-024,ICT,4436.68
2024-11-23,VEND-001,Construction,37569.92
2024-11-23,VEND-009,Consulting,13159.84
2024-11-23,VEND-023,ICT,8557.63
2024-11-24,VEND-008,ICT,11717.49
2024-11-24,VEND-014,Consulting,12513.39
2024-11-24,VEND-010,Office Supplies,694.83
2024-11-24,VEND-037,Construction,46084.59
2024-11-24,VEND-033,Office Supplies,681.65
2024-11-25,VEND-009,ICT,11948.87
2024-11-25,VEND-031,ICT,9094.14
2024-11-25,VEND-040,Travel,5080.4
2024-11-25,VEND-017,Consulting,4517.57
2024-11-25,VEND-038,ICT,17666.0
2024-11-26,VEND-038,Office Supplies,3296.08
2024-11-26,VEND-018,Travel,2246.41
2024-11-26,VEND-039,Travel,5949.84
2024-11-26,VEND-011,Construction,57710.1
2024-11-26,VEND-024,Consulting,16867.12
2024-11-27,VEND-026,Construction,109249.02
2024-11-27,VEND-022,Construction,31635.19
2024-11-27,VEND-006,ICT,4886.53
2024-11-27,VEND-005,Construction,13250.37
2024-11-27,VEND-031,Consulting,12703.26
2024-11-28,VEND-011,ICT,8166.01
2024-11-28,VEND-027,ICT,17960.51
2024-11-28,VEND-033,ICT,7922.81
2024-11-28,VEND-001,Office Supplies,2785.66
2024-11-28,VEND-027,Consulting,23711.49
2024-11-29,VEND-018,ICT,22183.88
2024-11-29,VEND-022,Office Supplies,2417.65
2024-11-29,VEND-008,Travel,3042.06
2024-11-29,VEND-033,ICT,20248.23
2024-11-29,VEND-027,Consulting,7814.41
2024-11-30,VEND-023,Travel,1268.66
2024-11-30,VEND-013,Construction,105832.73
2024-11-30,VEND-005,ICT,18537.94
2024-11-30,VEND-015,Consulting,17004.15
2024-11-30,VEND-010,Construction,52810.19
2024-12-01,VEND-025,Office Supplies,862.2
2024-12-01,VEND-035,Consulting,29585.85
2024-12-01,VEND-020,Consulting,4388.44
2024-12-01,VEND-024,ICT,8465.09
2024-12-01,VEND-019,Construction,34352.69
2024-12-02,VEND-018,Office Supplies,1577.3
2024-12-02,VEND-009,Travel,3514.81
2024-12-02,VEND-021,Travel,1893.55
2024-12-02,VEND-001,Office Supplies,1659.56
2024-12-02,VEND-008,Travel,2379.14
2024-12-03,VEND-023,ICT,2084.67
2024-12-03,VEND-020,Consulting,2570.27
2024-12-03,VEND-017,Consulting,13226.42
2024-12-03,VEND-029,Consulting,8300.76
2024-12-03,VEND-030,Office Supplies,4331.23
2024-12-04,VEND-038,Construction,22004.02
2024-12-04,VEND-039,Consulting,26905.31
2024-12-04,VEND-030,ICT,4277.68
2024-12-04,VEND-019,Travel,8257.38
2024-12-04,VEND-027,ICT,31419.98
2024-12-05,VEND-016,Office Supplies,1465.35
2024-12-05,VEND-005,Consulting,7447.05
2024-12-05,VEND-011,Consulting,4324.81
2024-12-05,VEND-027,ICT,4068.17
2024-12-05,VEND-027,Construction,26680.5
2024-12-06,VEND-006,Construction,46549.18
2024-12-06,VEND-012,Construction,30395.2
2024-12-06,VEND-002,Construction,24335.72
2024-12-06,VEND-018,Travel,3200.1
2024-12-06,VEND-028,ICT,13243.4
2024-12-07,VEND-020,ICT,10414.81
2024-12-07,VEND-022,Consulting,21405.44
2024-12-07,VEND-012,ICT,9268.59
2024-12-07,VEND-011,Construction,39062.46
2024-12-07,VEND-012,ICT,33210.25
2024-12-08,VEND-031,Construction,71419.91
2024-12-08,VEND-005,ICT,30875.29
2024-12-08,VEND-031,Construction,49850.95
2024-12-08,VEND-033,Construction,38683.95
2024-12-08,VEND-026,Consulting,13445.75
2024-12-09,VEND-021,Construction,27740.5
2024-12-09,VEND-034,ICT,15170.33
2024-12-09,VEND-038,ICT,21413.23
2024-12-09,VEND-031,Office Supplies,2783.37
2024-12-09,VEND-032,Consulting,11635.91
2024-12-10,VEND-015,Travel,2897.45
2024-12-10,VEND-018,Consulting,18610.04
2024-12-10,VEND-008,Construction,88258.45
2024-12-10,VEND-001,Construction,91829.44
2024-12-10,VEND-007,Construction,21071.83
2024-12-11,VEND-040,Construction,44725.55
2024-12-11,VEND-032,Travel,4181.12
2024-12-11,VEND-021,ICT,17013.67
2024-12-11,VEND-040,Travel,3833.62
2024-12-11,VEND-039,ICT,11507.83
2024-12-12,VEND-006,Office Supplies,909.71
2024-12-12,VEND-012,Office Supplies,2488.56
2024-12-12,VEND-010,Construction,98653.18
2024-12-12,VEND-008,ICT,9457.03
2024-12-12,VEND-029,Construction,70018.84
2024-12-13,VEND-028,ICT,6610.69
2024-12-13,VEND-017,ICT,20873.71
2024-12-13,VEND-014,Consulting,10120.12
2024-12-13,VEND-003,Construction,24780.61
2024-12-13,VEND-023,ICT,12759.3
2024-12-14,VEND-023,Construction,71291.91
2024-12-14,VEND-020,ICT,66644.31
2024-12-14,VEND-012,Office Supplies,2272.15
2024-12-14,VEND-033,Travel,1282.58
2024-12-14,VEND-028,Consulting,8304.95
2024-12-15,VEND-040,Construction,53004.67
2024-12-15,VEND-032,Construction,37384.23
2024-12-15,VEND-008,Consulting,15692.56
2024-12-15,VEND-011,Travel,3378.39
2024-12-15,VEND-002,ICT,3662.91
2024-12-16,VEND-011,ICT,12413.75
2024-12-16,VEND-008,Construction,46474.98
2024-12-16,VEND-014,Construction,25986.77
2024-12-16,VEND-004,ICT,6005.66
2024-12-16,VEND-015,Office Supplies,4062.92
2024-12-17,VEND-038,Construction,33983.55
2024-12-17,VEND-003,ICT,15888.55
2024-12-17,VEND-031,Office Supplies,2381.15
2024-12-17,VEND-029,Construction,47627.87
2024-12-17,VEND-033,ICT,7405.26
2024-12-18,VEND-018,ICT,30295.6
2024-12-18,VEND-031,ICT,7819.46
2024-12-18,VEND-030,ICT,10146.21
2024-12-18,VEND-032,Consulting,8535.35
2024-12-18,VEND-040,ICT,13622.71
2024-12-19,VEND-017,ICT,20731.4
2024-12-19,VEND-035,ICT,16095.46
2024-12-19,VEND-018,Office Supplies,2346.62
2024-12-19,VEND-031,Office Supplies,3497.27
2024-12-19,VEND-014,Construction,27693.2
2024-12-20,VEND-002,ICT,11799.96
2024-12-20,VEND-007,Construction,32864.69
2024-12-20,VEND-039,Construction,85433.62
2024-12-20,VEND-011,Travel,3028.83
2024-12-20,VEND-007,Travel,2353.06
2024-12-21,VEND-006,Construction,74772.11
2024-12-21,VEND-013,Office Supplies,4682.94
2024-12-21,VEND-011,Travel,19247.71
2024-12-21,VEND-011,Consulting,10390.58
2024-12-21,VEND-003,Consulting,28065.2
2024-12-22,VEND-012,ICT,12952.96
2024-12-22,VEND-011,Consulting,9626.72
2024-12-22,VEND-011,Travel,4347.41
2024-12-22,VEND-008,Construction,27687.75
2024-12-22,VEND-019,Consulting,10239.7
2024-12-23,VEND-007,ICT,26195.87
2024-12-23,VEND-037,Construction,64693.36
2024-12-23,VEND-004,ICT,4303.25
2024-12-23,VEND-014,Travel,2625.56
2024-12-23,VEND-015,Construction,37594.98
2024-12-24,VEND-035,ICT,14671.87
2024-12-24,VEND-011,Consulting,21698.12
2024-12-24,VEND-005,ICT,9591.35
2024-12-24,VEND-014,Consulting,5233.59
2024-12-24,VEND-017,Travel,1337.36
2024-12-25,VEND-036,ICT,9059.84
2024-12-25,VEND-019,Construction,62555.38
2024-12-25,VEND-012,ICT,6589.12
2024-12-25,VEND-008,ICT,13312.6
2024-12-25,VEND-008,ICT,12101.75
2024-12-26,VEND-028,Construction,27622.43
2024-12-26,VEND-022,Office Supplies,2323.18
2024-12-26,VEND-012,Consulting,30603.13
2024-12-26,VEND-021,Travel,4941.13
2024-12-26,VEND-040,ICT,9247.81
2024-12-27,VEND-028,Travel,8248.35
2024-12-27,VEND-002,ICT,7135.32
2024-12-27,VEND-006,Office Supplies,2074.28
2024-12-27,VEND-024,Consulting,6561.71
2024-12-27,VEND-026,Consulting,16847.21
2024-12-28,VEND-002,Office Supplies,1137.31
2024-12-28,VEND-002,Consulting,22649.96
2024-12-28,VEND-020,Office Supplies,2598.23
2024-12-28,VEND-017,ICT,5544.25
2024-12-28,VEND-028,Consulting,9193.54
2024-12-29,VEND-004,Office Supplies,2084.11
2024-12-29,VEND-008,ICT,9993.38
2024-12-29,VEND-039,Consulting,6933.64
2024-12-29,VEND-028,ICT,16123.61
2024-12-29,VEND-002,Consulting,10235.02
2024-12-30,VEND-040,ICT,24150.62
2024-12-30,VEND-038,Office Supplies,3298.75
2024-12-30,VEND-004,Construction,83674.49
2024-12-30,VEND-013,Construction,52178.6
2024-12-30,VEND-025,Consulting,22267.84
2024-12-31,VEND-040,ICT,13037.5
2024-12-31,VEND-006,ICT,15982.16
2024-12-31,VEND-012,ICT,10552.28
2024-12-31,VEND-034,Construction,34239.29
2024-12-31,VEND-002,ICT,17525.75
2025-01-01,VEND-016,ICT,12949.11
2025-01-01,VEND-040,ICT,37211.59
2025-01-01,VEND-034,Consulting,4865.18
2025-01-01,VEND-024,Construction,87324.13
2025-01-01,VEND-004,ICT,15800.51
2025-01-02,VEND-028,Office Supplies,8627.16
2025-01-02,VEND-013,Consulting,6198.98
2025-01-02,VEND-007,ICT,24693.18
2025-01-02,VEND-001,ICT,24140.07
2025-01-02,VEND-003,Office Supplies,1402.78
2025-01-03,VEND-036,ICT,9986.51
2025-01-03,VEND-003,Office Supplies,419.31
2025-01-03,VEND-012,Consulting,19969.45
2025-01-03,VEND-032,Construction,45362.6
2025-01-03,VEND-023,Travel,4445.33
2025-01-04,VEND-034,ICT,27280.64
2025-01-04,VEND-037,Office Supplies,2962.79
2025-01-04,VEND-028,ICT,15300.66
2025-01-04,VEND-011,Construction,38260.74
2025-01-04,VEND-019,Construction,89194.06
2025-01-05,VEND-002,ICT,2871.61
2025-01-05,VEND-006,Office Supplies,5314.4
2025-01-05,VEND-039,ICT,21861.15
2025-01-05,VEND-034,ICT,14032.26
2025-01-05,VEND-012,ICT,8935.05
2025-01-06,VEND-031,Travel,6269.62
2025-01-06,VEND-034,Office Supplies,3650.34
2025-01-06,VEND-024,Office Supplies,641.21
2025-01-06,VEND-008,ICT,19529.93
2025-01-06,VEND-040,ICT,7923.59
2025-01-07,VEND-025,ICT,18813.62
2025-01-07,VEND-024,Office Supplies,2151.38
2025-01-07,VEND-009,Office Supplies,1080.42
2025-01-07,VEND-010,Consulting,19433.2
2025-01-07,VEND-022,Construction,115522.35
2025-01-08,VEND-028,Travel,3076.04
2025-01-08,VEND-014,Construction,205573.84
2025-01-08,VEND-005,ICT,9508.95
2025-01-08,VEND-031,ICT,19264.26
2025-01-08,VEND-005,ICT,11201.41
2025-01-09,VEND-038,ICT,9699.64
2025-01-09,VEND-030,ICT,7889.19
2025-01-09,VEND-003,Consulting,15188.92
2025-01-09,VEND-034,Consulting,6378.1
2025-01-09,VEND-008,Construction,67835.47
2025-01-10,VEND-039,Consulting,23896.26
2025-01-10,VEND-016,Construction,43801.38
2025-01-10,VEND-040,ICT,4432.55
2025-01-10,VEND-034,Construction,26421.66
2025-01-10,VEND-023,ICT,10750.24
2025-01-11,VEND-014,Consulting,22778.35
2025-01-11,VEND-027,Consulting,18940.31
2025-01-11,VEND-032,Office Supplies,1308.52
2025-01-11,VEND-005,ICT,9700.27
2025-01-11,VEND-014,Office Supplies,1595.25
2025-01-12,VEND-004,Consulting,5759.91
2025-01-12,VEND-016,Consulting,31142.41
2025-01-12,VEND-024,Consulting,10949.98
2025-01-12,VEND-002,Construction,11138.44
2025-01-12,VEND-029,Construction,114045.42
2025-01-13,VEND-016,ICT,12749.2
2025-01-13,VEND-008,Construction,31834.59
2025-01-13,VEND-038,Construction,134275.76
2025-01-13,VEND-005,Construction,24426.61
2025-01-13,VEND-033,Construction,38903.77
2025-01-14,VEND-033,ICT,4389.96
2025-01-14,VEND-008,Travel,4485.5
2025-01-14,VEND-003,Travel,3963.27
2025-01-14,VEND-026,Construction,25120.68
2025-01-14,VEND-009,Office Supplies,10492.21
2025-01-15,VEND-031,ICT,9116.24
2025-01-15,VEND-039,Office Supplies,1595.85
2025-01-15,VEND-027,ICT,16603.03
2025-01-15,VEND-038,Construction,47485.2
2025-01-15,VEND-035,Construction,31308.93
2025-01-16,VEND-005,ICT,5636.47
2025-01-16,VEND-001,Office Supplies,2005.09
2025-01-16,VEND-010,Consulting,10055.68
2025-01-16,VEND-033,ICT,26533.53
2025-01-16,VEND-015,Consulting,12133.53
2025-01-17,VEND-002,ICT,14607.78
2025-01-17,VEND-037,Office Supplies,2248.69
2025-01-17,VEND-021,Consulting,18167.19
2025-01-17,VEND-028,ICT,35688.3
2025-01-17,VEND-006,Consulting,18229.72
2025-01-18,VEND-016,ICT,11204.48
2025-01-18,VEND-021,Construction,74846.38
2025-01-18,VEND-014,ICT,13774.05
2025-01-18,VEND-018,Construction,73394.73
2025-01-18,VEND-007,ICT,7596.68
2025-01-19,VEND-005,Consulting,60278.36
2025-01-19,VEND-026,Travel,2735.07
2025-01-19,VEND-010,Consulting,22296.61
2025-01-19,VEND-011,Construction,60179.67
2025-01-19,VEND-005,Consulting,27777.96
2025-01-20,VEND-030,Construction,77464.37
2025-01-20,VEND-030,Construction,31367.93
2025-01-20,VEND-004,Consulting,25933.02
2025-01-20,VEND-026,ICT,8440.13
2025-01-20,VEND-031,Office Supplies,3069.77
2025-01-21,VEND-033,Consulting,14061.52
2025-01-21,VEND-035,ICT,16626.66
2025-01-21,VEND-015,ICT,4073.98
2025-01-21,VEND-004,ICT,11506.35
2025-01-21,VEND-009,Construction,86148.59
2025-01-22,VEND-007,Construction,62301.14
2025-01-22,VEND-032,Office Supplies,2400.71
2025-01-22,VEND-027,ICT,7120.17
2025-01-22,VEND-015,Travel,1435.98
2025-01-22,VEND-017,Travel,5069.01
2025-01-23,VEND-021,Construction,37126.77
2025-01-23,VEND-019,Office Supplies,1642.45
2025-01-23,VEND-033,ICT,40337.86
2025-01-23,VEND-010,Consulting,5842.29
2025-01-23,VEND-022,Office Supplies,1696.01
2025-01-24,VEND-020,Office Supplies,1751.43
2025-01-24,VEND-016,Construction,74470.52
2025-01-24,VEND-035,Office Supplies,2728.72
2025-01-24,VEND-015,Office Supplies,4881.01
2025-01-24,VEND-010,Travel,2159.94
2025-01-25,VEND-014,Construction,58578.76
2025-01-25,VEND-014,ICT,46932.09
2025-01-25,VEND-034,ICT,29048.14
2025-01-25,VEND-036,Consulting,20112.7
2025-01-25,VEND-025,Construction,25239.18
2025-01-26,VEND-009,Office Supplies,1213.85
2025-01-26,VEND-040,Consulting,15186.59
2025-01-26,VEND-023,Office Supplies,3995.1
2025-01-26,VEND-037,Office Supplies,5127.17
2025-01-26,VEND-032,Consulting,9704.9
2025-01-27,VEND-010,Travel,5037.43
2025-01-27,VEND-033,Office Supplies,1342.91
2025-01-27,VEND-017,Travel,4513.78
2025-01-27,VEND-023,ICT,8659.33
2025-01-27,VEND-037,Office Supplies,2087.06
2025-01-28,VEND-016,ICT,7003.51
2025-01-28,VEND-025,Office Supplies,1955.33
2025-01-28,VEND-003,Consulting,5881.24
2025-01-28,VEND-012,Consulting,11142.89
2025-01-28,VEND-016,Construction,29942.38
2025-01-29,VEND-032,Construction,78640.69
2025-01-29,VEND-033,Office Supplies,1458.96
2025-01-29,VEND-011,Office Supplies,5533.78
2025-01-29,VEND-007,Consulting,14577.93
2025-01-29,VEND-030,Consulting,38563.66
2025-01-30,VEND-027,ICT,12667.01
2025-01-30,VEND-003,Travel,3675.14
2025-01-30,VEND-036,Travel,7841.7
2025-01-30,VEND-038,ICT,10554.31
2025-01-30,VEND-035,Consulting,22777.49
2025-01-31,VEND-023,Construction,25154.16
2025-01-31,VEND-029,Construction,40968.75
2025-01-31,VEND-023,ICT,8817.38
2025-01-31,VEND-026,Travel,2014.9
2025-01-31,VEND-002,ICT,13229.05
2025-02-01,VEND-035,ICT,11851.84
2025-02-01,VEND-017,Travel,4463.35
2025-02-01,VEND-023,Construction,58941.87
2025-02-01,VEND-018,Construction,29565.62
2025-02-01,VEND-007,Office Supplies,1707.31
2025-02-02,VEND-021,ICT,9442.09
2025-02-02,VEND-036,ICT,8096.73
2025-02-02,VEND-023,Consulting,37870.62
2025-02-02,VEND-011,Construction,38973.9
2025-02-02,VEND-004,Construction,115137.86
2025-02-03,VEND-024,ICT,15757.3
2025-02-03,VEND-035,ICT,10506.03
2025-02-03,VEND-015,Office Supplies,902.25
2025-02-03,VEND-040,ICT,4182.97
2025-02-03,VEND-002,ICT,3815.41
2025-02-04,VEND-023,Office Supplies,1184.4
2025-02-04,VEND-036,Office Supplies,5093.37
2025-02-04,VEND-023,Consulting,21536.57
2025-02-04,VEND-022,Consulting,9539.1
2025-02-04,VEND-002,ICT,6157.56
2025-02-05,VEND-003,Travel,4312.51
2025-02-05,VEND-033,Consulting,20343.77
2025-02-05,VEND-040,ICT,11210.99
2025-02-05,VEND-009,Office Supplies,3361.46
2025-02-05,VEND-031,Construction,41339.6
2025-02-06,VEND-022,Construction,48212.72
2025-02-06,VEND-006,ICT,6254.4
2025-02-06,VEND-013,Consulting,34693.3
2025-02-06,VEND-009,Consulting,11261.18
2025-02-06,VEND-019,Construction,26148.14
2025-02-07,VEND-016,Office Supplies,1030.25
2025-02-07,VEND-033,Consulting,7325.99
2025-02-07,VEND-034,Consulting,15755.75
2025-02-07,VEND-031,Construction,25533.95
2025-02-07,VEND-031,Travel,8760.42
2025-02-08,VEND-025,ICT,17697.99
2025-02-08,VEND-005,ICT,22122.9
2025-02-08,VEND-037,Consulting,29970.7
2025-02-08,VEND-007,ICT,18817.1
2025-02-08,VEND-020,ICT,9475.64
2025-02-09,VEND-023,ICT,22926.94
2025-02-09,VEND-031,Construction,66017.39
2025-02-09,VEND-012,Consulting,26998.3
2025-02-09,VEND-038,Travel,1440.26
2025-02-09,VEND-030,Construction,32507.15
2025-02-10,VEND-006,Office Supplies,737.6
2025-02-10,VEND-009,Construction,71421.58
2025-02-10,VEND-015,Office Supplies,3109.56
2025-02-10,VEND-026,Consulting,12379.6
2025-02-10,VEND-008,Construction,62815.99
2025-02-11,VEND-032,Construction,24535.99
2025-02-11,VEND-015,ICT,8070.9
2025-02-11,VEND-024,ICT,15116.21
2025-02-11,VEND-025,Office Supplies,2214.31
2025-02-11,VEND-016,Construction,34362.73
2025-02-12,VEND-011,Construction,42162.89
2025-02-12,VEND-038,Consulting,30963.56
2025-02-12,VEND-040,Office Supplies,1560.1
2025-02-12,VEND-017,Construction,63477.15
2025-02-12,VEND-034,ICT,10269.09
2025-02-13,VEND-005,Construction,24966.04
2025-02-13,VEND-031,Travel,4056.1
2025-02-13,VEND-025,Construction,53178.93
2025-02-13,VEND-036,ICT,8525.32
2025-02-13,VEND-009,ICT,9324.09
2025-02-14,VEND-005,Construction,45195.01
2025-02-14,VEND-007,ICT,19160.07
2025-02-14,VEND-014,Construction,74631.83
2025-02-14,VEND-009,ICT,18002.2
2025-02-14,VEND-008,ICT,12066.23
2025-02-15,VEND-006,Travel,12057.64
2025-02-15,VEND-030,Consulting,71446.21
2025-02-15,VEND-004,Travel,6802.57
2025-02-15,VEND-005,Consulting,21510.68
2025-02-15,VEND-016,Travel,4364.07
2025-02-16,VEND-027,Travel,3975.86
2025-02-16,VEND-026,Travel,5382.96
2025-02-16,VEND-025,Travel,2550.4
2025-02-16,VEND-029,ICT,8268.18
2025-02-16,VEND-014,Consulting,28736.82
2025-02-17,VEND-007,ICT,27275.48
2025-02-17,VEND-032,ICT,7328.51
2025-02-17,VEND-040,ICT,12943.66
2025-02-17,VEND-007,Consulting,9381.26
2025-02-17,VEND-024,Consulting,9999.63
2025-02-18,VEND-021,Construction,23453.47
2025-02-18,VEND-024,ICT,30038.95
2025-02-18,VEND-032,Office Supplies,3101.24
2025-02-18,VEND-019,Construction,23629.43
2025-02-18,VEND-007,ICT,12872.52
2025-02-19,VEND-040,ICT,8693.63
2025-02-19,VEND-030,ICT,15222.15
2025-02-19,VEND-017,Construction,70675.06
2025-02-19,VEND-038,Travel,3795.63
2025-02-19,VEND-007,Office Supplies,2395.16
2025-02-20,VEND-008,Travel,3112.84
2025-02-20,VEND-014,ICT,11341.83
2025-02-20,VEND-006,ICT,8182.28
2025-02-20,VEND-032,Travel,1838.15
2025-02-20,VEND-038,Consulting,16772.81
2025-02-21,VEND-022,Construction,32149.38
2025-02-21,VEND-011,Consulting,29527.5
2025-02-21,VEND-019,Consulting,16400.25
2025-02-21,VEND-017,Travel,3845.96
2025-02-21,VEND-033,Consulting,11960.32
2025-02-22,VEND-007,Consulting,15989.25
2025-02-22,VEND-025,ICT,38538.79
2025-02-22,VEND-030,Consulting,47998.09
2025-02-22,VEND-010,ICT,7781.2
2025-02-22,VEND-025,ICT,5590.87
2025-02-23,VEND-032,Office Supplies,3771.94
2025-02-23,VEND-002,Consulting,18890.9
2025-02-23,VEND-019,Consulting,10225.85
2025-02-23,VEND-025,Travel,7705.33
2025-02-23,VEND-034,Consulting,3092.16
2025-02-24,VEND-016,Office Supplies,5162.56
2025-02-24,VEND-031,Consulting,42870.54
2025-02-24,VEND-011,ICT,12177.33
2025-02-24,VEND-012,Office Supplies,2521.25
2025-02-24,VEND-036,Consulting,20616.04
2025-02-25,VEND-029,Travel,1883.62
2025-02-25,VEND-015,Construction,37709.85
2025-02-25,VEND-030,Construction,24429.51
2025-02-25,VEND-016,ICT,12847.98
2025-02-25,VEND-011,Office Supplies,1027.37
2025-02-26,VEND-016,Construction,54018.35
2025-02-26,VEND-003,ICT,4594.85
2025-02-26,VEND-029,Travel,2524.47
2025-02-26,VEND-025,ICT,22236.58
2025-02-26,VEND-010,Consulting,15707.56
2025-02-27,VEND-037,Office Supplies,2662.48
2025-02-27,VEND-008,Office Supplies,981.88
2025-02-27,VEND-019,Consulting,11095.39
2025-02-27,VEND-020,ICT,11371.02
2025-02-27,VEND-004,Consulting,18693.23
2025-02-28,VEND-008,Consulting,12235.54
2025-02-28,VEND-007,ICT,13709.6
2025-02-28,VEND-006,Consulting,23500.61
2025-02-28,VEND-010,Office Supplies,9231.22
2025-02-28,VEND-027,Construction,28411.26
2025-03-01,VEND-008,Consulting,26160.67
2025-03-01,VEND-003,ICT,25389.11
2025-03-01,VEND-033,Consulting,6321.07
2025-03-01,VEND-001,Travel,2879.13
2025-03-01,VEND-025,Consulting,13603.82
2025-03-02,VEND-010,ICT,49440.49
2025-03-02,VEND-027,Office Supplies,2362.35
2025-03-02,VEND-019,ICT,8541.01
2025-03-02,VEND-019,Consulting,20080.96
2025-03-02,VEND-008,Office Supplies,1599.43
2025-03-03,VEND-035,Travel,9353.42
2025-03-03,VEND-013,ICT,7595.75
2025-03-03,VEND-016,ICT,8654.58
2025-03-03,VEND-003,Travel,1682.1
2025-03-03,VEND-039,Office Supplies,2072.09
2025-03-04,VEND-029,Consulting,7651.37
2025-03-04,VEND-026,ICT,16070.7
2025-03-04,VEND-016,ICT,11329.12
2025-03-04,VEND-029,Consulting,34069.83
2025-03-04,VEND-031,Consulting,9381.19
2025-03-05,VEND-027,ICT,9590.74
2025-03-05,VEND-033,ICT,16421.85
2025-03-05,VEND-014,Construction,81791.86
2025-03-05,VEND-011,ICT,6978.16
2025-03-05,VEND-006,Consulting,8081.62
2025-03-06,VEND-022,Construction,33850.53
2025-03-06,VEND-004,ICT,24336.5
2025-03-06,VEND-023,Office Supplies,9694.35
2025-03-06,VEND-003,Office Supplies,2205.46
2025-03-06,VEND-019,ICT,15581.11
2025-03-07,VEND-040,ICT,20092.25
2025-03-07,VEND-003,Consulting,6233.45
2025-03-07,VEND-029,Office Supplies,1315.41
2025-03-07,VEND-013,ICT,4261.81
2025-03-07,VEND-015,ICT,9070.77
2025-03-08,VEND-035,Construction,51642.18
2025-03-08,VEND-003,Travel,5921.54
2025-03-08,VEND-038,Travel,2207.33
2025-03-08,VEND-006,Consulting,33632.23
2025-03-08,VEND-003,Consulting,28078.8
2025-03-09,VEND-008,ICT,6077.81
2025-03-09,VEND-007,Travel,2562.82
2025-03-09,VEND-029,Travel,2065.54
2025-03-09,VEND-030,ICT,19175.15
2025-03-09,VEND-015,ICT,12325.89
2025-03-10,VEND-033,Travel,4112.7
2025-03-10,VEND-020,ICT,13818.09
2025-03-10,VEND-006,ICT,31642.34
2025-03-10,VEND-035,ICT,18806.36
2025-03-10,VEND-010,ICT,10945.93
2025-03-11,VEND-023,Consulting,19544.97
2025-03-11,VEND-024,Construction,67982.75
2025-03-11,VEND-004,ICT,16758.01
2025-03-11,VEND-033,Office Supplies,2818.46
2025-03-11,VEND-037,Consulting,23894.29
2025-03-12,VEND-010,Construction,46421.46
2025-03-12,VEND-003,ICT,6110.14
2025-03-12,VEND-039,Construction,85291.4
2025-03-12,VEND-032,Consulting,14282.59
2025-03-12,VEND-025,Office Supplies,1367.58
2025-03-13,VEND-001,ICT,9452.13
2025-03-13,VEND-002,ICT,19811.76
2025-03-13,VEND-031,Consulting,18468.72
2025-03-13,VEND-019,Office Supplies,1275.14
2025-03-13,VEND-008,Consulting,11107.77
2025-03-14,VEND-006,Construction,223569.1
2025-03-14,VEND-021,ICT,7892.98
2025-03-14,VEND-010,ICT,16658.27
2025-03-14,VEND-012,Construction,30561.66
2025-03-14,VEND-029,Office Supplies,1300.59
2025-03-15,VEND-037,ICT,5881.86
2025-03-15,VEND-012,Consulting,24185.56
2025-03-15,VEND-033,Office Supplies,3506.23
2025-03-15,VEND-017,Travel,6377.99
2025-03-15,VEND-011,Construction,56524.63
2025-03-16,VEND-033,Office Supplies,895.51
2025-03-16,VEND-013,Consulting,24207.04
2025-03-16,VEND-012,ICT,6660.85
2025-03-16,VEND-003,Construction,19874.39
2025-03-16,VEND-040,ICT,7328.75
2025-03-17,VEND-031,Travel,3544.93
2025-03-17,VEND-007,Travel,1740.08
2025-03-17,VEND-026,Consulting,12448.84
2025-03-17,VEND-017,Office Supplies,4421.84
2025-03-17,VEND-022,Construction,58209.1
2025-03-18,VEND-002,Consulting,21336.15
2025-03-18,VEND-012,ICT,8635.65
2025-03-18,VEND-006,Consulting,15420.22
2025-03-18,VEND-017,ICT,22089.29
2025-03-18,VEND-030,Construction,20419.85
2025-03-19,VEND-024,Construction,82085.62
2025-03-19,VEND-039,Travel,3999.72
2025-03-19,VEND-020,Construction,52442.21
2025-03-19,VEND-018,Travel,2195.16
2025-03-19,VEND-011,Travel,1744.03
2025-03-20,VEND-009,ICT,5019.11
2025-03-20,VEND-002,Consulting,8393.15
2025-03-20,VEND-022,Travel,2841.02
2025-03-20,VEND-022,Consulting,24962.08
2025-03-20,VEND-035,ICT,6013.16
2025-03-21,VEND-005,ICT,14022.06
2025-03-21,VEND-032,ICT,16054.36
2025-03-21,VEND-029,Office Supplies,978.77
2025-03-21,VEND-004,Office Supplies,2459.5
2025-03-21,VEND-034,Construction,19366.87
2025-03-22,VEND-028,Travel,3042.8
2025-03-22,VEND-002,ICT,32184.59
2025-03-22,VEND-023,Construction,36752.44
2025-03-22,VEND-036,ICT,14632.11
2025-03-22,VEND-015,Construction,33528.14
2025-03-23,VEND-007,ICT,11722.96
2025-03-23,VEND-006,Consulting,9791.26
2025-03-23,VEND-024,Office Supplies,1977.77
2025-03-23,VEND-036,ICT,3799.3
2025-03-23,VEND-002,Construction,12688.45
2025-03-24,VEND-038,Construction,35404.2
2025-03-24,VEND-020,Consulting,11453.4
2025-03-24,VEND-012,ICT,7695.2
2025-03-24,VEND-024,Consulting,30463.93
2025-03-24,VEND-014,Construction,24277.74
2025-03-25,VEND-026,ICT,8917.87
2025-03-25,VEND-035,Office Supplies,1550.63
2025-03-25,VEND-035,ICT,11569.27
2025-03-25,VEND-027,Construction,49283.38
2025-03-25,VEND-037,Construction,79068.51
2025-03-26,VEND-020,ICT,76555.35
2025-03-26,VEND-037,Consulting,24410.12
2025-03-26,VEND-038,Consulting,12258.85
2025-03-26,VEND-038,Construction,40534.67
2025-03-26,VEND-010,ICT,23043.4
2025-03-27,VEND-039,ICT,8027.79
2025-03-27,VEND-030,Travel,6045.63
2025-03-27,VEND-005,Consulting,17670.53
2025-03-27,VEND-018,ICT,20717.27
2025-03-27,VEND-021,Travel,3949.08
2025-03-28,VEND-015,Office Supplies,1880.8
2025-03-28,VEND-011,Construction,14516.98
2025-03-28,VEND-022,Consulting,16548.78
2025-03-28,VEND-021,ICT,16082.01
2025-03-28,VEND-003,ICT,4518.05
2025-03-29,VEND-032,ICT,33030.73
2025-03-29,VEND-011,Office Supplies,911.65
2025-03-29,VEND-027,Construction,50059.74
2025-03-29,VEND-035,Construction,25956.79
2025-03-29,VEND-036,Travel,6236.4
2025-03-30,VEND-037,Consulting,13007.09
2025-03-30,VEND-040,ICT,25554.58
2025-03-30,VEND-018,Consulting,8678.41
2025-03-30,VEND-013,ICT,3093.73
2025-03-30,VEND-002,ICT,6875.14
2025-03-31,VEND-002,Construction,45817.51
2025-03-31,VEND-028,Construction,53975.14
2025-03-31,VEND-031,Construction,17901.76
2025-03-31,VEND-026,Consulting,11271.26
2025-03-31,VEND-001,ICT,17462.12
2025-04-01,VEND-008,Office Supplies,1233.0
2025-04-01,VEND-037,ICT,14582.72
2025-04-01,VEND-014,Construction,30123.84
2025-04-01,VEND-001,ICT,11832.53
2025-04-01,VEND-016,Office Supplies,868.41
2025-04-02,VEND-013,ICT,4258.61
2025-04-02,VEND-032,Construction,24008.49
2025-04-02,VEND-023,Construction,26162.7
2025-04-02,VEND-018,Construction,14756.99
2025-04-02,VEND-037,Travel,6233.66
2025-04-03,VEND-004,Construction,84586.56
2025-04-03,VEND-034,Consulting,24492.96
2025-04-03,VEND-013,Office Supplies,1765.52
2025-04-03,VEND-030,ICT,11713.02
2025-04-03,VEND-015,Office Supplies,653.76
2025-04-04,VEND-006,Office Supplies,1133.1
2025-04-04,VEND-017,Office Supplies,2357.35
2025-04-04,VEND-035,Construction,94038.01
2025-04-04,VEND-039,ICT,11197.67
2025-04-04,VEND-029,Consulting,86596.31
2025-04-05,VEND-019,Office Supplies,2764.76
2025-04-05,VEND-012,Travel,6113.54
2025-04-05,VEND-018,Travel,8820.54
2025-04-05,VEND-037,Office Supplies,1021.13
2025-04-05,VEND-033,ICT,8117.99
2025-04-06,VEND-031,Construction,142832.15
2025-04-06,VEND-032,ICT,12339.61
2025-04-06,VEND-021,Construction,87379.99
2025-04-06,VEND-039,ICT,9319.46
2025-04-06,VEND-020,ICT,11731.22
2025-04-07,VEND-026,Construction,68660.68
2025-04-07,VEND-029,Office Supplies,5288.51
2025-04-07,VEND-010,Consulting,18437.44
2025-04-07,VEND-013,Office Supplies,3496.58
2025-04-07,VEND-006,Office Supplies,942.59
2025-04-08,VEND-014,Construction,60432.92
2025-04-08,VEND-010,Travel,8606.14
2025-04-08,VEND-035,Office Supplies,3858.57
2025-04-08,VEND-012,Construction,37515.03
2025-04-08,VEND-012,Office Supplies,1003.0
2025-04-09,VEND-018,Travel,1053.9
2025-04-09,VEND-021,Consulting,16177.56
2025-04-09,VEND-012,Travel,6479.28
2025-04-09,VEND-039,Office Supplies,3717.54
2025-04-09,VEND-009,Construction,69854.02
2025-04-10,VEND-013,Office Supplies,1908.09
2025-04-10,VEND-012,ICT,6764.71
2025-04-10,VEND-013,Construction,106820.52
2025-04-10,VEND-007,ICT,21911.08
2025-04-10,VEND-003,Office Supplies,3143.29
2025-04-11,VEND-016,Construction,99478.75
2025-04-11,VEND-037,Office Supplies,2423.89
2025-04-11,VEND-016,Construction,40363.42
2025-04-11,VEND-012,Office Supplies,1181.14
2025-04-11,VEND-011,Office Supplies,953.28
2025-04-12,VEND-002,Travel,4707.02
2025-04-12,VEND-011,Construction,58823.36
2025-04-12,VEND-006,Construction,66736.61
2025-04-12,VEND-021,Travel,3893.09
2025-04-12,VEND-006,ICT,6907.68
2025-04-13,VEND-016,ICT,15115.8
2025-04-13,VEND-014,Consulting,14958.66
2025-04-13,VEND-018,Consulting,14303.92
2025-04-13,VEND-015,ICT,15921.29
2025-04-13,VEND-010,Travel,6669.3
2025-04-14,VEND-012,Construction,27609.52
2025-04-14,VEND-032,Consulting,19762.58
2025-04-14,VEND-036,Consulting,13636.51
2025-04-14,VEND-031,ICT,31443.64
2025-04-14,VEND-039,Consulting,22503.15
2025-04-15,VEND-023,Consulting,7859.93
2025-04-15,VEND-033,ICT,20926.58
2025-04-15,VEND-029,Construction,39635.87
2025-04-15,VEND-002,Office Supplies,1339.98
2025-04-15,VEND-012,ICT,12844.67
2025-04-16,VEND-015,Construction,103072.22
2025-04-16,VEND-038,Office Supplies,3383.35
2025-04-16,VEND-009,ICT,19993.82
2025-04-16,VEND-021,ICT,19218.61
2025-04-16,VEND-007,Construction,43801.03
2025-04-17,VEND-037,ICT,3842.59
2025-04-17,VEND-037,Office Supplies,3074.07
2025-04-17,VEND-014,ICT,17670.85
2025-04-17,VEND-009,ICT,11564.12
2025-04-17,VEND-034,Consulting,54162.62
2025-04-18,VEND-025,ICT,7426.93
2025-04-18,VEND-015,Office Supplies,2135.51
2025-04-18,VEND-013,Consulting,20936.08
2025-04-18,VEND-001,ICT,53546.48
2025-04-18,VEND-007,Construction,15513.28
2025-04-19,VEND-024,ICT,21452.77
2025-04-19,VEND-014,Travel,9114.84
2025-04-19,VEND-010,Construction,72990.01
2025-04-19,VEND-025,ICT,19236.64
2025-04-19,VEND-012,Office Supplies,3239.84
2025-04-20,VEND-012,ICT,9086.96
2025-04-20,VEND-004,Construction,48732.23
2025-04-20,VEND-010,Consulting,32705.55
2025-04-20,VEND-027,ICT,14788.18
2025-04-20,VEND-014,Consulting,10979.64
2025-04-21,VEND-008,Consulting,30079.19
2025-04-21,VEND-031,Travel,3907.07
2025-04-21,VEND-016,Office Supplies,4593.41
2025-04-21,VEND-030,Office Supplies,4494.34
2025-04-21,VEND-023,Construction,41692.05
2025-04-22,VEND-021,Office Supplies,1878.18
2025-04-22,VEND-035,Office Supplies,2536.69
2025-04-22,VEND-039,ICT,32582.4
2025-04-22,VEND-009,Office Supplies,1491.84
2025-04-22,VEND-037,Consulting,37579.02
2025-04-23,VEND-009,ICT,27258.01
2025-04-23,VEND-011,Consulting,18664.17
2025-04-23,VEND-019,Construction,69277.37
2025-04-23,VEND-008,Office Supplies,1913.14
2025-04-23,VEND-009,ICT,6963.93
2025-04-24,VEND-011,Office Supplies,2800.85
2025-04-24,VEND-030,ICT,14494.28
2025-04-24,VEND-021,Construction,45258.65
2025-04-24,VEND-020,Construction,15895.42
2025-04-24,VEND-011,ICT,16459.87
2025-04-25,VEND-020,ICT,3763.51
2025-04-25,VEND-014,ICT,6401.81
2025-04-25,VEND-034,ICT,7946.6
2025-04-25,VEND-021,Construction,63028.51
2025-04-25,VEND-015,Consulting,12226.61
2025-04-26,VEND-039,Consulting,7728.83
2025-04-26,VEND-020,Office Supplies,10637.1
2025-04-26,VEND-029,ICT,11399.19
2025-04-26,VEND-020,Travel,1718.8
2025-04-26,VEND-034,Travel,2497.9
2025-04-27,VEND-008,Construction,23794.03
2025-04-27,VEND-039,ICT,7028.61
2025-04-27,VEND-028,Consulting,10012.9
2025-04-27,VEND-013,ICT,10780.76
2025-04-27,VEND-022,Consulting,14692.91
2025-04-28,VEND-026,Office Supplies,3285.03
2025-04-28,VEND-011,ICT,12594.64
2025-04-28,VEND-009,ICT,19037.2
2025-04-28,VEND-019,ICT,15769.63
2025-04-28,VEND-027,Consulting,24299.02
2025-04-29,VEND-034,Office Supplies,3800.73
2025-04-29,VEND-006,Consulting,18350.65
2025-04-29,VEND-040,Construction,53298.88
2025-04-29,VEND-018,ICT,18278.35
2025-04-29,VEND-017,Office Supplies,1756.95
2025-04-30,VEND-026,Construction,33577.31
2025-04-30,VEND-012,Consulting,10684.63
2025-04-30,VEND-011,Construction,28562.52
2025-04-30,VEND-017,Consulting,23375.1
2025-04-30,VEND-025,Construction,16553.67
2025-05-01,VEND-029,ICT,7758.21
2025-05-01,VEND-028,ICT,8213.81
2025-05-01,VEND-035,ICT,18907.77
2025-05-01,VEND-026,Consulting,14200.68
2025-05-01,VEND-021,Consulting,20303.79
2025-05-02,VEND-010,ICT,18926.02
2025-05-02,VEND-034,ICT,17100.35
2025-05-02,VEND-016,Consulting,27866.03
2025-05-02,VEND-027,Office Supplies,3838.13
2025-05-02,VEND-029,ICT,5357.87
2025-05-03,VEND-001,ICT,16652.5
2025-05-03,VEND-014,Travel,2205.92
2025-05-03,VEND-007,Consulting,15331.18
2025-05-03,VEND-025,Construction,14808.61
2025-05-03,VEND-033,ICT,27002.12
2025-05-04,VEND-005,Travel,3118.54
2025-05-04,VEND-006,ICT,34940.37
2025-05-04,VEND-001,Construction,113965.73
2025-05-04,VEND-036,Travel,5861.01
2025-05-04,VEND-019,Travel,5512.67
2025-05-05,VEND-034,Travel,2017.26
2025-05-05,VEND-038,ICT,9909.0
2025-05-05,VEND-029,Consulting,14015.94
2025-05-05,VEND-021,Travel,786.56
2025-05-05,VEND-035,ICT,13201.95
2025-05-06,VEND-006,ICT,14089.51
2025-05-06,VEND-010,Office Supplies,1603.75
2025-05-06,VEND-022,Construction,34895.31
2025-05-06,VEND-022,Office Supplies,2118.64
2025-05-06,VEND-022,Office Supplies,1837.25
2025-05-07,VEND-012,Construction,94240.51
2025-05-07,VEND-016,Construction,36937.61
2025-05-07,VEND-016,Construction,75128.98
2025-05-07,VEND-027,Construction,22908.97
2025-05-07,VEND-011,Office Supplies,7960.77
2025-05-08,VEND-037,ICT,28319.94
2025-05-08,VEND-004,Construction,63659.94
2025-05-08,VEND-006,Travel,3432.36
2025-05-08,VEND-029,Consulting,15177.78
2025-05-08,VEND-002,Construction,47382.92
2025-05-09,VEND-017,Construction,42532.62
2025-05-09,VEND-020,ICT,7377.05
2025-05-09,VEND-013,ICT,7688.29
2025-05-09,VEND-025,ICT,12677.42
2025-05-09,VEND-035,ICT,6021.95
2025-05-10,VEND-036,ICT,15207.57
2025-05-10,VEND-031,Travel,5832.64
2025-05-10,VEND-029,ICT,4286.42
2025-05-10,VEND-027,Travel,4881.36
2025-05-10,VEND-005,Construction,63078.33
2025-05-11,VEND-040,ICT,6482.25
2025-05-11,VEND-011,Construction,20893.47
2025-05-11,VEND-008,Construction,35317.65
2025-05-11,VEND-018,ICT,5494.86
2025-05-11,VEND-029,ICT,8950.39
2025-05-12,VEND-008,ICT,25188.22
2025-05-12,VEND-028,ICT,12411.12
2025-05-12,VEND-020,Consulting,13671.68
2025-05-12,VEND-009,Construction,21701.05
2025-05-12,VEND-010,Construction,23875.54
2025-05-13,VEND-003,ICT,4598.86
2025-05-13,VEND-040,Travel,2593.75
2025-05-13,VEND-034,Construction,66158.46
2025-05-13,VEND-013,ICT,10446.54
2025-05-13,VEND-029,ICT,52075.64
2025-05-14,VEND-014,ICT,6427.25
2025-05-14,VEND-017,Construction,101313.42
2025-05-14,VEND-010,Construction,20377.04
2025-05-14,VEND-017,Construction,38869.01
2025-05-14,VEND-007,Consulting,18272.8
2025-05-15,VEND-023,ICT,14566.97
2025-05-15,VEND-002,Consulting,23857.26
2025-05-15,VEND-039,ICT,20448.74
2025-05-15,VEND-004,Consulting,6766.98
2025-05-15,VEND-017,ICT,6367.12
2025-05-16,VEND-037,Office Supplies,4254.46
2025-05-16,VEND-025,Consulting,18133.82
2025-05-16,VEND-020,Travel,3958.49
2025-05-16,VEND-009,Construction,48219.86
2025-05-16,VEND-022,ICT,13511.56
2025-05-17,VEND-022,ICT,25207.38
2025-05-17,VEND-016,Office Supplies,674.66
2025-05-17,VEND-027,Office Supplies,2147.71
2025-05-17,VEND-037,Construction,43247.82
2025-05-17,VEND-004,ICT,12188.39
2025-05-18,VEND-029,Travel,6854.77
2025-05-18,VEND-027,Consulting,9730.48
2025-05-18,VEND-034,Office Supplies,3000.12
2025-05-18,VEND-017,Travel,3291.42
2025-05-18,VEND-033,Travel,2030.64
2025-05-19,VEND-009,ICT,6449.96
2025-05-19,VEND-005,Office Supplies,2532.52
2025-05-19,VEND-036,Consulting,10714.37
2025-05-19,VEND-008,Construction,38642.78
2025-05-19,VEND-004,Construction,71650.49
2025-05-20,VEND-002,Construction,36311.86
2025-05-20,VEND-038,Consulting,9865.44
2025-05-20,VEND-019,Construction,58593.1
2025-05-20,VEND-019,Consulting,9278.98
2025-05-20,VEND-022,Travel,3164.67
2025-05-21,VEND-027,Consulting,22959.37
2025-05-21,VEND-008,ICT,10355.05
2025-05-21,VEND-007,Office Supplies,1037.15
2025-05-21,VEND-009,Construction,53019.26
2025-05-21,VEND-021,Consulting,37730.21
2025-05-22,VEND-037,ICT,15906.45
2025-05-22,VEND-013,Consulting,32212.73
2025-05-22,VEND-037,ICT,18121.13
2025-05-22,VEND-020,Consulting,17728.29
2025-05-22,VEND-021,Construction,80414.36
2025-05-23,VEND-014,Office Supplies,2206.86
2025-05-23,VEND-031,ICT,5317.2
2025-05-23,VEND-021,Office Supplies,1291.78
2025-05-23,VEND-020,Travel,5561.28
2025-05-23,VEND-017,Office Supplies,2475.13
2025-05-24,VEND-040,ICT,17068.95
2025-05-24,VEND-021,Construction,29134.36
2025-05-24,VEND-037,Consulting,15831.95
2025-05-24,VEND-006,Construction,40544.7
2025-05-24,VEND-021,ICT,11776.36
2025-05-25,VEND-007,Office Supplies,1234.76
2025-05-25,VEND-032,Construction,32038.84
2025-05-25,VEND-021,ICT,12447.45
2025-05-25,VEND-019,ICT,15246.78
2025-05-25,VEND-004,Consulting,22552.51
2025-05-26,VEND-017,ICT,9511.27
2025-05-26,VEND-029,Construction,69043.64
2025-05-26,VEND-024,ICT,13899.74
2025-05-26,VEND-010,ICT,8114.58
2025-05-26,VEND-009,Construction,57733.08
2025-05-27,VEND-007,Office Supplies,2103.49
2025-05-27,VEND-026,ICT,10518.65
2025-05-27,VEND-026,Construction,40873.7
2025-05-27,VEND-019,Travel,2316.89
2025-05-27,VEND-029,Travel,2847.53
2025-05-28,VEND-032,Consulting,31099.61
2025-05-28,VEND-028,Travel,3981.72
2025-05-28,VEND-036,Consulting,15811.44
2025-05-28,VEND-020,Consulting,5713.54
2025-05-28,VEND-037,Office Supplies,8622.55
2025-05-29,VEND-038,ICT,7581.37
2025-05-29,VEND-020,ICT,4162.59
2025-05-29,VEND-037,Consulting,26133.44
2025-05-29,VEND-012,Construction,63157.2
2025-05-29,VEND-036,Office Supplies,1379.31
2025-05-30,VEND-005,ICT,19112.8
2025-05-30,VEND-002,ICT,25810.7
2025-05-30,VEND-030,Office Supplies,3076.28
2025-05-30,VEND-030,ICT,8159.94
2025-05-30,VEND-009,Consulting,11104.32
2025-05-31,VEND-023,Construction,80758.01
2025-05-31,VEND-023,ICT,8146.18
2025-05-31,VEND-011,ICT,6585.8
2025-05-31,VEND-028,ICT,11381.16
2025-05-31,VEND-033,Construction,37490.08
2025-06-01,VEND-009,Office Supplies,4050.19
2025-06-01,VEND-017,ICT,14802.11
2025-06-01,VEND-011,Travel,2636.73
2025-06-01,VEND-029,Consulting,18057.9
2025-06-01,VEND-003,ICT,10992.77
2025-06-02,VEND-026,Office Supplies,1938.26
2025-06-02,VEND-027,Office Supplies,5157.61
2025-06-02,VEND-022,Construction,47620.08
2025-06-02,VEND-029,ICT,4241.54
2025-06-02,VEND-025,ICT,28720.68
2025-06-03,VEND-033,Construction,29830.07
2025-06-03,VEND-001,ICT,14903.94
2025-06-03,VEND-034,ICT,15776.38
2025-06-03,VEND-038,Construction,20285.43
2025-06-03,VEND-012,Travel,3318.99
2025-06-04,VEND-038,ICT,6063.88
2025-06-04,VEND-028,Construction,60876.83
2025-06-04,VEND-002,Office Supplies,3166.7
2025-06-04,VEND-031,Travel,2237.53
2025-06-04,VEND-004,Office Supplies,1157.1
2025-06-05,VEND-009,ICT,14685.8
2025-06-05,VEND-024,Office Supplies,1373.07
2025-06-05,VEND-029,ICT,5127.93
2025-06-05,VEND-002,Consulting,15724.56
2025-06-05,VEND-036,ICT,9624.86
2025-06-06,VEND-037,ICT,42858.83
2025-06-06,VEND-025,ICT,16956.99
2025-06-06,VEND-021,ICT,25827.11
2025-06-06,VEND-033,Construction,16827.74
2025-06-06,VEND-012,Consulting,19366.86
2025-06-07,VEND-028,Construction,62241.89
2025-06-07,VEND-030,Travel,8747.23
2025-06-07,VEND-001,ICT,20440.75
2025-06-07,VEND-001,Construction,36618.04
2025-06-07,VEND-026,Construction,62739.31
2025-06-08,VEND-018,ICT,11165.8
2025-06-08,VEND-025,Travel,5060.41
2025-06-08,VEND-024,Office Supplies,1744.71
2025-06-08,VEND-033,Consulting,113886.73
2025-06-08,VEND-036,ICT,7935.13
2025-06-09,VEND-023,ICT,38667.14
2025-06-09,VEND-038,Office Supplies,3786.37
2025-06-09,VEND-005,Travel,2134.86
2025-06-09,VEND-028,Construction,94090.53
2025-06-09,VEND-003,ICT,13743.58
2025-06-10,VEND-036,Construction,66097.67
2025-06-10,VEND-006,ICT,6123.9
2025-06-10,VEND-014,ICT,6396.5
2025-06-10,VEND-038,Office Supplies,2164.7
2025-06-10,VEND-023,Construction,60773.29
2025-06-11,VEND-008,ICT,10219.32
2025-06-11,VEND-010,ICT,16028.02
2025-06-11,VEND-028,Travel,6845.86
2025-06-11,VEND-029,Construction,87988.58
2025-06-11,VEND-010,Consulting,19061.61
2025-06-12,VEND-016,Travel,2871.77
2025-06-12,VEND-020,Consulting,12013.46
2025-06-12,VEND-036,Construction,55271.14
2025-06-12,VEND-005,Construction,20987.21
2025-06-12,VEND-018,Consulting,20274.18
2025-06-13,VEND-029,ICT,9514.04
2025-06-13,VEND-032,ICT,10393.78
2025-06-13,VEND-013,ICT,27937.67
2025-06-13,VEND-021,Office Supplies,3550.8
2025-06-13,VEND-013,ICT,33125.25
2025-06-14,VEND-005,Consulting,10639.22
2025-06-14,VEND-031,Construction,34520.35
2025-06-14,VEND-025,Construction,26768.98
2025-06-14,VEND-008,Office Supplies,2883.8
2025-06-14,VEND-032,Office Supplies,1481.06
2025-06-15,VEND-030,ICT,9197.07
2025-06-15,VEND-023,Construction,29173.08
2025-06-15,VEND-037,Construction,45007.29
2025-06-15,VEND-026,ICT,42094.12
2025-06-15,VEND-003,Office Supplies,2675.77
2025-06-16,VEND-038,ICT,12316.95
2025-06-16,VEND-001,ICT,11627.11
2025-06-16,VEND-021,ICT,8668.17
2025-06-16,VEND-025,ICT,7809.9
2025-06-16,VEND-023,Construction,18343.34
2025-06-17,VEND-006,ICT,9202.02
2025-06-17,VEND-033,ICT,15928.54
2025-06-17,VEND-034,Construction,135476.69
2025-06-17,VEND-016,Consulting,40033.84
2025-06-17,VEND-010,ICT,7184.43
2025-06-18,VEND-007,ICT,9046.28
2025-06-18,VEND-036,Travel,1118.33
2025-06-18,VEND-020,Construction,42862.54
2025-06-18,VEND-020,Consulting,19839.29
2025-06-18,VEND-025,Office Supplies,568.56
2025-06-19,VEND-027,Consulting,14193.86
2025-06-19,VEND-027,Construction,47466.48
2025-06-19,VEND-024,ICT,7648.33
2025-06-19,VEND-015,Construction,36201.33
2025-06-19,VEND-014,Travel,4694.91
2025-06-20,VEND-015,ICT,9612.71
2025-06-20,VEND-027,Travel,6795.4
2025-06-20,VEND-001,Travel,3412.69
2025-06-20,VEND-026,ICT,4721.28
2025-06-20,VEND-036,Consulting,8091.44
2025-06-21,VEND-010,Office Supplies,586.75
2025-06-21,VEND-035,Construction,41564.86
2025-06-21,VEND-032,ICT,38542.59
2025-06-21,VEND-008,ICT,15955.39
2025-06-21,VEND-005,ICT,9551.01
2025-06-22,VEND-009,Construction,64927.01
2025-06-22,VEND-040,ICT,13387.75
2025-06-22,VEND-001,Construction,23603.87
2025-06-22,VEND-020,Office Supplies,2556.49
2025-06-22,VEND-031,ICT,9081.68
2025-06-23,VEND-025,Construction,43709.79
2025-06-23,VEND-035,Construction,29823.55
2025-06-23,VEND-008,Office Supplies,4713.75
2025-06-23,VEND-035,Consulting,18531.18
2025-06-23,VEND-036,ICT,28273.07
2025-06-24,VEND-035,ICT,18779.34
2025-06-24,VEND-012,Office Supplies,1307.8
2025-06-24,VEND-039,ICT,14465.29
2025-06-24,VEND-031,Office Supplies,4402.89
2025-06-24,VEND-039,Consulting,6817.91
2025-06-25,VEND-028,ICT,18567.76
2025-06-25,VEND-025,Office Supplies,955.19
2025-06-25,VEND-027,Construction,43587.42
2025-06-25,VEND-017,ICT,16480.92
2025-06-25,VEND-035,ICT,37700.59
2025-06-26,VEND-017,ICT,9310.64
2025-06-26,VEND-040,Construction,25258.91
2025-06-26,VEND-009,ICT,3286.94
2025-06-26,VEND-011,Consulting,17002.71
2025-06-26,VEND-010,ICT,15478.56
2025-06-27,VEND-001,Consulting,16064.78
2025-06-27,VEND-021,Office Supplies,1897.1
2025-06-27,VEND-029,ICT,17095.53
2025-06-27,VEND-001,Travel,2616.66
2025-06-27,VEND-011,Office Supplies,2498.59
2025-06-28,VEND-009,Consulting,15495.72
2025-06-28,VEND-002,Consulting,28913.05
2025-06-28,VEND-034,ICT,11913.7
2025-06-28,VEND-007,Construction,27562.53
2025-06-28,VEND-037,ICT,7650.53
2025-06-29,VEND-004,Construction,29953.69
2025-06-29,VEND-038,Consulting,18675.38
2025-06-29,VEND-034,Travel,4799.85
2025-06-29,VEND-018,Office Supplies,2145.36
2025-06-29,VEND-037,Consulting,16577.47
2025-06-30,VEND-039,ICT,33154.1
2025-06-30,VEND-030,ICT,9902.25
2025-06-30,VEND-009,Travel,2209.82
2025-06-30,VEND-008,Construction,54638.65
2025-06-30,VEND-026,Consulting,12006.78
